{"name": "AtkiG39", "averages": [{"hour": "00", "count": 4}, {"hour": "01", "count": 1}, {"hour": "02", "count": 2}, {"hour": "03", "count": 1}, {"hour": "04", "count": 1}, {"hour": "05", "count": 2}, {"hour": "06", "count": 1}, {"hour": "07", "count": 2}, {"hour": "08", "count": 13}, {"hour": "09", "count": 44}, {"hour": "10", "count": 48}, {"hour": "11", "count": 55}, {"hour": "12", "count": 51}, {"hour": "13", "count": 51}, {"hour": "14", "count": 33}, {"hour": "15", "count": 35}, {"hour": "16", "count": 48}, {"hour": "17", "count": 41}, {"hour": "18", "count": 25}, {"hour": "19", "count": 19}, {"hour": "20", "count": 22}, {"hour": "21", "count": 17}, {"hour": "22", "count": 13}, {"hour": "23", "count": 12}]}