{"name": "Atki2COR1", "averages": [{"hour": "00", "count": 4}, {"hour": "01", "count": 3}, {"hour": "02", "count": 2}, {"hour": "03", "count": 2}, {"hour": "04", "count": 2}, {"hour": "05", "count": 2}, {"hour": "06", "count": 2}, {"hour": "07", "count": 4}, {"hour": "08", "count": 6}, {"hour": "09", "count": 17}, {"hour": "10", "count": 30}, {"hour": "11", "count": 36}, {"hour": "12", "count": 47}, {"hour": "13", "count": 48}, {"hour": "14", "count": 40}, {"hour": "15", "count": 29}, {"hour": "16", "count": 44}, {"hour": "17", "count": 39}, {"hour": "18", "count": 23}, {"hour": "19", "count": 16}, {"hour": "20", "count": 18}, {"hour": "21", "count": 19}, {"hour": "22", "count": 12}, {"hour": "23", "count": 10}]}