{"name": "Atki300", "averages": [{"hour": "00", "count": 6}, {"hour": "01", "count": 3}, {"hour": "02", "count": 0}, {"hour": "03", "count": 0}, {"hour": "04", "count": 1}, {"hour": "05", "count": 1}, {"hour": "06", "count": 1}, {"hour": "07", "count": 4}, {"hour": "08", "count": 12}, {"hour": "09", "count": 39}, {"hour": "10", "count": 66}, {"hour": "11", "count": 96}, {"hour": "12", "count": 134}, {"hour": "13", "count": 121}, {"hour": "14", "count": 99}, {"hour": "15", "count": 87}, {"hour": "16", "count": 85}, {"hour": "17", "count": 63}, {"hour": "18", "count": 44}, {"hour": "19", "count": 38}, {"hour": "20", "count": 39}, {"hour": "21", "count": 41}, {"hour": "22", "count": 25}, {"hour": "23", "count": 16}]}