{"name": "Atki201", "averages": [{"hour": "00", "count": 3}, {"hour": "01", "count": 2}, {"hour": "02", "count": 1}, {"hour": "03", "count": 1}, {"hour": "04", "count": 0}, {"hour": "05", "count": 0}, {"hour": "06", "count": 1}, {"hour": "07", "count": 3}, {"hour": "08", "count": 4}, {"hour": "09", "count": 22}, {"hour": "10", "count": 52}, {"hour": "11", "count": 65}, {"hour": "12", "count": 78}, {"hour": "13", "count": 81}, {"hour": "14", "count": 63}, {"hour": "15", "count": 46}, {"hour": "16", "count": 87}, {"hour": "17", "count": 56}, {"hour": "18", "count": 37}, {"hour": "19", "count": 28}, {"hour": "20", "count": 34}, {"hour": "21", "count": 31}, {"hour": "22", "count": 32}, {"hour": "23", "count": 15}]}