{"name": "AtkiG37A", "averages": [{"hour": "00", "count": 4}, {"hour": "01", "count": 2}, {"hour": "02", "count": 2}, {"hour": "03", "count": 1}, {"hour": "04", "count": 1}, {"hour": "05", "count": 1}, {"hour": "06", "count": 2}, {"hour": "07", "count": 5}, {"hour": "08", "count": 12}, {"hour": "09", "count": 32}, {"hour": "10", "count": 59}, {"hour": "11", "count": 45}, {"hour": "12", "count": 46}, {"hour": "13", "count": 54}, {"hour": "14", "count": 38}, {"hour": "15", "count": 31}, {"hour": "16", "count": 34}, {"hour": "17", "count": 28}, {"hour": "18", "count": 23}, {"hour": "19", "count": 17}, {"hour": "20", "count": 12}, {"hour": "21", "count": 13}, {"hour": "22", "count": 10}, {"hour": "23", "count": 8}]}