{"name": "Atki105D", "averages": [{"hour": "00", "count": 6}, {"hour": "01", "count": 2}, {"hour": "02", "count": 1}, {"hour": "03", "count": 1}, {"hour": "04", "count": 1}, {"hour": "05", "count": 1}, {"hour": "06", "count": 1}, {"hour": "07", "count": 7}, {"hour": "08", "count": 26}, {"hour": "09", "count": 53}, {"hour": "10", "count": 67}, {"hour": "11", "count": 64}, {"hour": "12", "count": 82}, {"hour": "13", "count": 77}, {"hour": "14", "count": 71}, {"hour": "15", "count": 50}, {"hour": "16", "count": 60}, {"hour": "17", "count": 55}, {"hour": "18", "count": 42}, {"hour": "19", "count": 39}, {"hour": "20", "count": 38}, {"hour": "21", "count": 25}, {"hour": "22", "count": 16}, {"hour": "23", "count": 12}]}