{"name": "Atki245", "averages": [{"hour": "00", "count": 3}, {"hour": "01", "count": 3}, {"hour": "02", "count": 2}, {"hour": "03", "count": 1}, {"hour": "04", "count": 1}, {"hour": "05", "count": 1}, {"hour": "06", "count": 1}, {"hour": "07", "count": 3}, {"hour": "08", "count": 4}, {"hour": "09", "count": 15}, {"hour": "10", "count": 25}, {"hour": "11", "count": 44}, {"hour": "12", "count": 52}, {"hour": "13", "count": 62}, {"hour": "14", "count": 56}, {"hour": "15", "count": 37}, {"hour": "16", "count": 46}, {"hour": "17", "count": 30}, {"hour": "18", "count": 27}, {"hour": "19", "count": 13}, {"hour": "20", "count": 17}, {"hour": "21", "count": 12}, {"hour": "22", "count": 12}, {"hour": "23", "count": 3}]}