{"name": "Atki102", "averages": [{"hour": "00", "count": 3}, {"hour": "01", "count": 1}, {"hour": "02", "count": 1}, {"hour": "03", "count": 1}, {"hour": "04", "count": 1}, {"hour": "05", "count": 1}, {"hour": "06", "count": 1}, {"hour": "07", "count": 4}, {"hour": "08", "count": 5}, {"hour": "09", "count": 16}, {"hour": "10", "count": 39}, {"hour": "11", "count": 46}, {"hour": "12", "count": 37}, {"hour": "13", "count": 37}, {"hour": "14", "count": 35}, {"hour": "15", "count": 34}, {"hour": "16", "count": 39}, {"hour": "17", "count": 23}, {"hour": "18", "count": 20}, {"hour": "19", "count": 14}, {"hour": "20", "count": 17}, {"hour": "21", "count": 16}, {"hour": "22", "count": 11}, {"hour": "23", "count": 7}]}