{"name": "BelG009", "averages": [{"hour": "00", "count": 1}, {"hour": "01", "count": 0}, {"hour": "02", "count": 0}, {"hour": "03", "count": 0}, {"hour": "04", "count": 0}, {"hour": "05", "count": 0}, {"hour": "06", "count": 6}, {"hour": "07", "count": 11}, {"hour": "08", "count": 8}, {"hour": "09", "count": 11}, {"hour": "10", "count": 14}, {"hour": "11", "count": 15}, {"hour": "12", "count": 22}, {"hour": "13", "count": 21}, {"hour": "14", "count": 17}, {"hour": "15", "count": 18}, {"hour": "16", "count": 34}, {"hour": "17", "count": 30}, {"hour": "18", "count": 28}, {"hour": "19", "count": 26}, {"hour": "20", "count": 19}, {"hour": "21", "count": 20}, {"hour": "22", "count": 11}, {"hour": "23", "count": 3}]}