{"name": "BelGGym", "averages": [{"hour": "00", "count": 0}, {"hour": "01", "count": 0}, {"hour": "02", "count": 0}, {"hour": "03", "count": 0}, {"hour": "04", "count": 0}, {"hour": "05", "count": 1}, {"hour": "06", "count": 1}, {"hour": "07", "count": 1}, {"hour": "08", "count": 3}, {"hour": "09", "count": 6}, {"hour": "10", "count": 3}, {"hour": "11", "count": 3}, {"hour": "12", "count": 9}, {"hour": "13", "count": 8}, {"hour": "14", "count": 23}, {"hour": "15", "count": 14}, {"hour": "16", "count": 24}, {"hour": "17", "count": 25}, {"hour": "18", "count": 21}, {"hour": "19", "count": 20}, {"hour": "20", "count": 16}, {"hour": "21", "count": 12}, {"hour": "22", "count": 7}, {"hour": "23", "count": 2}]}