{"name": "BelG206", "averages": [{"hour": "00", "count": 0}, {"hour": "01", "count": 0}, {"hour": "02", "count": 0}, {"hour": "03", "count": 0}, {"hour": "04", "count": 0}, {"hour": "05", "count": 2}, {"hour": "06", "count": 4}, {"hour": "07", "count": 5}, {"hour": "08", "count": 17}, {"hour": "09", "count": 32}, {"hour": "10", "count": 21}, {"hour": "11", "count": 9}, {"hour": "12", "count": 12}, {"hour": "13", "count": 15}, {"hour": "14", "count": 19}, {"hour": "15", "count": 24}, {"hour": "16", "count": 11}, {"hour": "17", "count": 10}, {"hour": "18", "count": 6}, {"hour": "19", "count": 7}, {"hour": "20", "count": 7}, {"hour": "21", "count": 3}, {"hour": "22", "count": 2}, {"hour": "23", "count": 1}]}