{"name": "Came299", "averages": [{"hour": "00", "count": 0}, {"hour": "01", "count": 0}, {"hour": "02", "count": 0}, {"hour": "03", "count": 0}, {"hour": "04", "count": 0}, {"hour": "05", "count": 0}, {"hour": "06", "count": 0}, {"hour": "07", "count": 0}, {"hour": "08", "count": 1}, {"hour": "09", "count": 1}, {"hour": "10", "count": 0}, {"hour": "11", "count": 1}, {"hour": "12", "count": 1}, {"hour": "13", "count": 1}, {"hour": "14", "count": 3}, {"hour": "15", "count": 1}, {"hour": "16", "count": 1}, {"hour": "17", "count": 0}, {"hour": "18", "count": 0}, {"hour": "19", "count": 0}, {"hour": "20", "count": 0}, {"hour": "21", "count": 0}, {"hour": "22", "count": 0}, {"hour": "23", "count": 0}]}