{"name": "CoEd039", "averages": [{"hour": "00", "count": 4}, {"hour": "01", "count": 4}, {"hour": "02", "count": 4}, {"hour": "03", "count": 4}, {"hour": "04", "count": 4}, {"hour": "05", "count": 4}, {"hour": "06", "count": 4}, {"hour": "07", "count": 4}, {"hour": "08", "count": 11}, {"hour": "09", "count": 15}, {"hour": "10", "count": 15}, {"hour": "11", "count": 13}, {"hour": "12", "count": 17}, {"hour": "13", "count": 17}, {"hour": "14", "count": 13}, {"hour": "15", "count": 7}, {"hour": "16", "count": 16}, {"hour": "17", "count": 14}, {"hour": "18", "count": 8}, {"hour": "19", "count": 9}, {"hour": "20", "count": 4}, {"hour": "21", "count": 4}, {"hour": "22", "count": 4}, {"hour": "23", "count": 4}]}